domain,filename,source_path,output_path,word_count,char_count,status
academic,academic_freedom_policy.txt,F:\Report&Project\risk-aware-policy-clause-ranking\data\raw_docs\academic\academic_freedom_policy.txt,F:\Report&Project\risk-aware-policy-clause-ranking\data\processed\academic\academic_freedom_policy.txt,201,1451,ok
academic,academic_misconduct_procedures.txt,F:\Report&Project\risk-aware-policy-clause-ranking\data\raw_docs\academic\academic_misconduct_procedures.txt,F:\Report&Project\risk-aware-policy-clause-ranking\data\processed\academic\academic_misconduct_procedures.txt,214,1466,ok
academic,anu_academic_integrity.txt,F:\Report&Project\risk-aware-policy-clause-ranking\data\raw_docs\academic\anu_academic_integrity.txt,F:\Report&Project\risk-aware-policy-clause-ranking\data\processed\academic\anu_academic_integrity.txt,1139,10050,ok
academic,classroom_conduct_policy.txt,F:\Report&Project\risk-aware-policy-clause-ranking\data\raw_docs\academic\classroom_conduct_policy.txt,F:\Report&Project\risk-aware-policy-clause-ranking\data\processed\academic\classroom_conduct_policy.txt,157,1144,ok
academic,columbia_integrity.txt,F:\Report&Project\risk-aware-policy-clause-ranking\data\raw_docs\academic\columbia_integrity.txt,F:\Report&Project\risk-aware-policy-clause-ranking\data\processed\academic\columbia_integrity.txt,892,6258,ok
academic,course_syllabus_policies.txt,F:\Report&Project\risk-aware-policy-clause-ranking\data\raw_docs\academic\course_syllabus_policies.txt,F:\Report&Project\risk-aware-policy-clause-ranking\data\processed\academic\course_syllabus_policies.txt,195,1348,ok
academic,dissertation_submission_policy.txt,F:\Report&Project\risk-aware-policy-clause-ranking\data\raw_docs\academic\dissertation_submission_policy.txt,F:\Report&Project\risk-aware-policy-clause-ranking\data\processed\academic\dissertation_submission_policy.txt,180,1237,ok
academic,edinburgh_academic_misconduct.txt,F:\Report&Project\risk-aware-policy-clause-ranking\data\raw_docs\academic\edinburgh_academic_misconduct.txt,F:\Report&Project\risk-aware-policy-clause-ranking\data\processed\academic\edinburgh_academic_misconduct.txt,985,9316,ok
academic,examination_board_policy.txt,F:\Report&Project\risk-aware-policy-clause-ranking\data\raw_docs\academic\examination_board_policy.txt,F:\Report&Project\risk-aware-policy-clause-ranking\data\processed\academic\examination_board_policy.txt,172,1188,ok
academic,exam_and_assessment_policy.txt,F:\Report&Project\risk-aware-policy-clause-ranking\data\raw_docs\academic\exam_and_assessment_policy.txt,F:\Report&Project\risk-aware-policy-clause-ranking\data\processed\academic\exam_and_assessment_policy.txt,222,1615,ok
academic,field_trip_safety_policy.txt,F:\Report&Project\risk-aware-policy-clause-ranking\data\raw_docs\academic\field_trip_safety_policy.txt,F:\Report&Project\risk-aware-policy-clause-ranking\data\processed\academic\field_trip_safety_policy.txt,187,1270,ok
academic,graduate_admissions_policy.txt,F:\Report&Project\risk-aware-policy-clause-ranking\data\raw_docs\academic\graduate_admissions_policy.txt,F:\Report&Project\risk-aware-policy-clause-ranking\data\processed\academic\graduate_admissions_policy.txt,139,974,ok
academic,harvard_integrity.txt,F:\Report&Project\risk-aware-policy-clause-ranking\data\raw_docs\academic\harvard_integrity.txt,F:\Report&Project\risk-aware-policy-clause-ranking\data\processed\academic\harvard_integrity.txt,1351,10769,ok
academic,imperial_integrity.txt,F:\Report&Project\risk-aware-policy-clause-ranking\data\raw_docs\academic\imperial_integrity.txt,F:\Report&Project\risk-aware-policy-clause-ranking\data\processed\academic\imperial_integrity.txt,1802,14359,ok
academic,international_student_policy.txt,F:\Report&Project\risk-aware-policy-clause-ranking\data\raw_docs\academic\international_student_policy.txt,F:\Report&Project\risk-aware-policy-clause-ranking\data\processed\academic\international_student_policy.txt,137,997,ok
academic,library_and_it_policy.txt,F:\Report&Project\risk-aware-policy-clause-ranking\data\raw_docs\academic\library_and_it_policy.txt,F:\Report&Project\risk-aware-policy-clause-ranking\data\processed\academic\library_and_it_policy.txt,157,1137,ok
academic,library_borrowing_policy.txt,F:\Report&Project\risk-aware-policy-clause-ranking\data\raw_docs\academic\library_borrowing_policy.txt,F:\Report&Project\risk-aware-policy-clause-ranking\data\processed\academic\library_borrowing_policy.txt,177,1187,ok
academic,online_learning_policy.txt,F:\Report&Project\risk-aware-policy-clause-ranking\data\raw_docs\academic\online_learning_policy.txt,F:\Report&Project\risk-aware-policy-clause-ranking\data\processed\academic\online_learning_policy.txt,173,1274,ok
academic,oxford_plagiarism.txt,F:\Report&Project\risk-aware-policy-clause-ranking\data\raw_docs\academic\oxford_plagiarism.txt,F:\Report&Project\risk-aware-policy-clause-ranking\data\processed\academic\oxford_plagiarism.txt,4315,43924,ok
academic,purdue_integrity.txt,F:\Report&Project\risk-aware-policy-clause-ranking\data\raw_docs\academic\purdue_integrity.txt,F:\Report&Project\risk-aware-policy-clause-ranking\data\processed\academic\purdue_integrity.txt,478,3486,ok
academic,research_ethics_policy.txt,F:\Report&Project\risk-aware-policy-clause-ranking\data\raw_docs\academic\research_ethics_policy.txt,F:\Report&Project\risk-aware-policy-clause-ranking\data\processed\academic\research_ethics_policy.txt,180,1336,ok
academic,scholarship_terms_policy.txt,F:\Report&Project\risk-aware-policy-clause-ranking\data\raw_docs\academic\scholarship_terms_policy.txt,F:\Report&Project\risk-aware-policy-clause-ranking\data\processed\academic\scholarship_terms_policy.txt,165,1210,ok
academic,stanford_honor_code.txt,F:\Report&Project\risk-aware-policy-clause-ranking\data\raw_docs\academic\stanford_honor_code.txt,F:\Report&Project\risk-aware-policy-clause-ranking\data\processed\academic\stanford_honor_code.txt,1961,15139,ok
academic,student_assessment_appeals.txt,F:\Report&Project\risk-aware-policy-clause-ranking\data\raw_docs\academic\student_assessment_appeals.txt,F:\Report&Project\risk-aware-policy-clause-ranking\data\processed\academic\student_assessment_appeals.txt,182,1293,ok
academic,student_conduct_code.txt,F:\Report&Project\risk-aware-policy-clause-ranking\data\raw_docs\academic\student_conduct_code.txt,F:\Report&Project\risk-aware-policy-clause-ranking\data\processed\academic\student_conduct_code.txt,203,1454,ok
academic,student_data_privacy_policy.txt,F:\Report&Project\risk-aware-policy-clause-ranking\data\raw_docs\academic\student_data_privacy_policy.txt,F:\Report&Project\risk-aware-policy-clause-ranking\data\processed\academic\student_data_privacy_policy.txt,182,1199,ok
academic,student_visa_attendance_policy.txt,F:\Report&Project\risk-aware-policy-clause-ranking\data\raw_docs\academic\student_visa_attendance_policy.txt,F:\Report&Project\risk-aware-policy-clause-ranking\data\processed\academic\student_visa_attendance_policy.txt,177,1259,ok
academic,sydney_misconduct.txt,F:\Report&Project\risk-aware-policy-clause-ranking\data\raw_docs\academic\sydney_misconduct.txt,F:\Report&Project\risk-aware-policy-clause-ranking\data\processed\academic\sydney_misconduct.txt,1036,6840,ok
academic,thesis_examination_policy.txt,F:\Report&Project\risk-aware-policy-clause-ranking\data\raw_docs\academic\thesis_examination_policy.txt,F:\Report&Project\risk-aware-policy-clause-ranking\data\processed\academic\thesis_examination_policy.txt,200,1372,ok
academic,ucl_academic_integrity.txt,F:\Report&Project\risk-aware-policy-clause-ranking\data\raw_docs\academic\ucl_academic_integrity.txt,F:\Report&Project\risk-aware-policy-clause-ranking\data\processed\academic\ucl_academic_integrity.txt,458,4507,ok
hr,acas_conduct.txt,F:\Report&Project\risk-aware-policy-clause-ranking\data\raw_docs\hr\acas_conduct.txt,F:\Report&Project\risk-aware-policy-clause-ranking\data\processed\hr\acas_conduct.txt,1086,11641,ok
hr,hr_anti_bribery_policy.txt,F:\Report&Project\risk-aware-policy-clause-ranking\data\raw_docs\hr\hr_anti_bribery_policy.txt,F:\Report&Project\risk-aware-policy-clause-ranking\data\processed\hr\hr_anti_bribery_policy.txt,181,1272,ok
hr,hr_code_of_conduct.txt,F:\Report&Project\risk-aware-policy-clause-ranking\data\raw_docs\hr\hr_code_of_conduct.txt,F:\Report&Project\risk-aware-policy-clause-ranking\data\processed\hr\hr_code_of_conduct.txt,177,1309,ok
hr,hr_communication_policy.txt,F:\Report&Project\risk-aware-policy-clause-ranking\data\raw_docs\hr\hr_communication_policy.txt,F:\Report&Project\risk-aware-policy-clause-ranking\data\processed\hr\hr_communication_policy.txt,183,1394,ok
hr,hr_conflict_resolution_policy.txt,F:\Report&Project\risk-aware-policy-clause-ranking\data\raw_docs\hr\hr_conflict_resolution_policy.txt,F:\Report&Project\risk-aware-policy-clause-ranking\data\processed\hr\hr_conflict_resolution_policy.txt,166,1181,ok
hr,hr_data_and_it_policy.txt,F:\Report&Project\risk-aware-policy-clause-ranking\data\raw_docs\hr\hr_data_and_it_policy.txt,F:\Report&Project\risk-aware-policy-clause-ranking\data\processed\hr\hr_data_and_it_policy.txt,154,1056,ok
hr,hr_disciplinary_policy.txt,F:\Report&Project\risk-aware-policy-clause-ranking\data\raw_docs\hr\hr_disciplinary_policy.txt,F:\Report&Project\risk-aware-policy-clause-ranking\data\processed\hr\hr_disciplinary_policy.txt,116,831,ok
hr,hr_drug_alcohol_policy.txt,F:\Report&Project\risk-aware-policy-clause-ranking\data\raw_docs\hr\hr_drug_alcohol_policy.txt,F:\Report&Project\risk-aware-policy-clause-ranking\data\processed\hr\hr_drug_alcohol_policy.txt,179,1229,ok
hr,hr_equal_opportunities_policy.txt,F:\Report&Project\risk-aware-policy-clause-ranking\data\raw_docs\hr\hr_equal_opportunities_policy.txt,F:\Report&Project\risk-aware-policy-clause-ranking\data\processed\hr\hr_equal_opportunities_policy.txt,166,1258,ok
hr,hr_expenses_policy.txt,F:\Report&Project\risk-aware-policy-clause-ranking\data\raw_docs\hr\hr_expenses_policy.txt,F:\Report&Project\risk-aware-policy-clause-ranking\data\processed\hr\hr_expenses_policy.txt,159,1177,ok
hr,hr_flexible_working_policy.txt,F:\Report&Project\risk-aware-policy-clause-ranking\data\raw_docs\hr\hr_flexible_working_policy.txt,F:\Report&Project\risk-aware-policy-clause-ranking\data\processed\hr\hr_flexible_working_policy.txt,172,1120,ok
hr,hr_grievance_policy.txt,F:\Report&Project\risk-aware-policy-clause-ranking\data\raw_docs\hr\hr_grievance_policy.txt,F:\Report&Project\risk-aware-policy-clause-ranking\data\processed\hr\hr_grievance_policy.txt,168,1107,ok
hr,hr_health_safety_policy.txt,F:\Report&Project\risk-aware-policy-clause-ranking\data\raw_docs\hr\hr_health_safety_policy.txt,F:\Report&Project\risk-aware-policy-clause-ranking\data\processed\hr\hr_health_safety_policy.txt,160,1189,ok
hr,hr_intellectual_property_policy.txt,F:\Report&Project\risk-aware-policy-clause-ranking\data\raw_docs\hr\hr_intellectual_property_policy.txt,F:\Report&Project\risk-aware-policy-clause-ranking\data\processed\hr\hr_intellectual_property_policy.txt,179,1310,ok
hr,hr_leave_policy.txt,F:\Report&Project\risk-aware-policy-clause-ranking\data\raw_docs\hr\hr_leave_policy.txt,F:\Report&Project\risk-aware-policy-clause-ranking\data\processed\hr\hr_leave_policy.txt,136,901,ok
hr,hr_maternity_paternity_policy.txt,F:\Report&Project\risk-aware-policy-clause-ranking\data\raw_docs\hr\hr_maternity_paternity_policy.txt,F:\Report&Project\risk-aware-policy-clause-ranking\data\processed\hr\hr_maternity_paternity_policy.txt,194,1270,ok
hr,hr_performance_review_policy.txt,F:\Report&Project\risk-aware-policy-clause-ranking\data\raw_docs\hr\hr_performance_review_policy.txt,F:\Report&Project\risk-aware-policy-clause-ranking\data\processed\hr\hr_performance_review_policy.txt,147,1086,ok
hr,hr_probation_policy.txt,F:\Report&Project\risk-aware-policy-clause-ranking\data\raw_docs\hr\hr_probation_policy.txt,F:\Report&Project\risk-aware-policy-clause-ranking\data\processed\hr\hr_probation_policy.txt,155,1095,ok
hr,hr_recruitment_policy.txt,F:\Report&Project\risk-aware-policy-clause-ranking\data\raw_docs\hr\hr_recruitment_policy.txt,F:\Report&Project\risk-aware-policy-clause-ranking\data\processed\hr\hr_recruitment_policy.txt,161,1229,ok
hr,hr_redundancy_policy.txt,F:\Report&Project\risk-aware-policy-clause-ranking\data\raw_docs\hr\hr_redundancy_policy.txt,F:\Report&Project\risk-aware-policy-clause-ranking\data\processed\hr\hr_redundancy_policy.txt,173,1198,ok
hr,hr_remote_work_security.txt,F:\Report&Project\risk-aware-policy-clause-ranking\data\raw_docs\hr\hr_remote_work_security.txt,F:\Report&Project\risk-aware-policy-clause-ranking\data\processed\hr\hr_remote_work_security.txt,175,1227,ok
hr,hr_social_media_policy.txt,F:\Report&Project\risk-aware-policy-clause-ranking\data\raw_docs\hr\hr_social_media_policy.txt,F:\Report&Project\risk-aware-policy-clause-ranking\data\processed\hr\hr_social_media_policy.txt,157,1159,ok
hr,hr_termination_policy.txt,F:\Report&Project\risk-aware-policy-clause-ranking\data\raw_docs\hr\hr_termination_policy.txt,F:\Report&Project\risk-aware-policy-clause-ranking\data\processed\hr\hr_termination_policy.txt,197,1334,ok
hr,hr_training_development_policy.txt,F:\Report&Project\risk-aware-policy-clause-ranking\data\raw_docs\hr\hr_training_development_policy.txt,F:\Report&Project\risk-aware-policy-clause-ranking\data\processed\hr\hr_training_development_policy.txt,178,1315,ok
hr,hr_whistleblowing_policy.txt,F:\Report&Project\risk-aware-policy-clause-ranking\data\raw_docs\hr\hr_whistleblowing_policy.txt,F:\Report&Project\risk-aware-policy-clause-ranking\data\processed\hr\hr_whistleblowing_policy.txt,156,1075,ok
hr,opm_conduct_policy.txt,F:\Report&Project\risk-aware-policy-clause-ranking\data\raw_docs\hr\opm_conduct_policy.txt,F:\Report&Project\risk-aware-policy-clause-ranking\data\processed\hr\opm_conduct_policy.txt,3114,23305,ok
hr,opm_leave_policy.txt,F:\Report&Project\risk-aware-policy-clause-ranking\data\raw_docs\hr\opm_leave_policy.txt,F:\Report&Project\risk-aware-policy-clause-ranking\data\processed\hr\opm_leave_policy.txt,5212,40313,ok
legal,2ThemartComInc_19990826_10-12G_EX-10.10_6700288_EX.txt,F:\Report&Project\risk-aware-policy-clause-ranking\data\raw_docs\legal\2ThemartComInc_19990826_10-12G_EX-10.10_6700288_EX.txt,F:\Report&Project\risk-aware-policy-clause-ranking\data\processed\legal\2ThemartComInc_19990826_10-12G_EX-10.10_6700288_EX.txt,4413,28457,ok
legal,ABILITYINC_06_15_2020-EX-4.25-SERVICES_AGREEMENT.txt,F:\Report&Project\risk-aware-policy-clause-ranking\data\raw_docs\legal\ABILITYINC_06_15_2020-EX-4.25-SERVICES_AGREEMENT.txt,F:\Report&Project\risk-aware-policy-clause-ranking\data\processed\legal\ABILITYINC_06_15_2020-EX-4.25-SERVICES_AGREEMENT.txt,4106,26278,ok
legal,ACCURAYINC_09_01_2010-EX-10.31-DISTRIBUTOR_AGREEME.txt,F:\Report&Project\risk-aware-policy-clause-ranking\data\raw_docs\legal\ACCURAYINC_09_01_2010-EX-10.31-DISTRIBUTOR_AGREEME.txt,F:\Report&Project\risk-aware-policy-clause-ranking\data\processed\legal\ACCURAYINC_09_01_2010-EX-10.31-DISTRIBUTOR_AGREEME.txt,13285,86704,ok
legal,ADAMSGOLFINC_03_21_2005-EX-10.17-ENDORSEMENT_AGREE.txt,F:\Report&Project\risk-aware-policy-clause-ranking\data\raw_docs\legal\ADAMSGOLFINC_03_21_2005-EX-10.17-ENDORSEMENT_AGREE.txt,F:\Report&Project\risk-aware-policy-clause-ranking\data\processed\legal\ADAMSGOLFINC_03_21_2005-EX-10.17-ENDORSEMENT_AGREE.txt,3767,24340,ok
legal,ADAPTIMMUNETHERAPEUTICSPLC_04_06_2017-EX-10.11-STR.txt,F:\Report&Project\risk-aware-policy-clause-ranking\data\raw_docs\legal\ADAPTIMMUNETHERAPEUTICSPLC_04_06_2017-EX-10.11-STR.txt,F:\Report&Project\risk-aware-policy-clause-ranking\data\processed\legal\ADAPTIMMUNETHERAPEUTICSPLC_04_06_2017-EX-10.11-STR.txt,15401,97872,ok
legal,"ADIANUTRITION,INC_04_01_2005-EX-10.D2-RESELLER_AGR.txt","F:\Report&Project\risk-aware-policy-clause-ranking\data\raw_docs\legal\ADIANUTRITION,INC_04_01_2005-EX-10.D2-RESELLER_AGR.txt","F:\Report&Project\risk-aware-policy-clause-ranking\data\processed\legal\ADIANUTRITION,INC_04_01_2005-EX-10.D2-RESELLER_AGR.txt",4045,25773,ok
legal,"ADMA_BioManufacturing,_LLC_-__Amendment_#3_to_Manu.txt","F:\Report&Project\risk-aware-policy-clause-ranking\data\raw_docs\legal\ADMA_BioManufacturing,_LLC_-__Amendment_#3_to_Manu.txt","F:\Report&Project\risk-aware-policy-clause-ranking\data\processed\legal\ADMA_BioManufacturing,_LLC_-__Amendment_#3_to_Manu.txt",2478,15292,ok
legal,"ADUROBIOTECH,INC_06_02_2020-EX-10.7-CONSULTING_AGR.txt","F:\Report&Project\risk-aware-policy-clause-ranking\data\raw_docs\legal\ADUROBIOTECH,INC_06_02_2020-EX-10.7-CONSULTING_AGR.txt","F:\Report&Project\risk-aware-policy-clause-ranking\data\processed\legal\ADUROBIOTECH,INC_06_02_2020-EX-10.7-CONSULTING_AGR.txt",1850,12004,ok
legal,AimmuneTherapeuticsInc_20200205_8-K_EX-10.3_119671.txt,F:\Report&Project\risk-aware-policy-clause-ranking\data\raw_docs\legal\AimmuneTherapeuticsInc_20200205_8-K_EX-10.3_119671.txt,F:\Report&Project\risk-aware-policy-clause-ranking\data\processed\legal\AimmuneTherapeuticsInc_20200205_8-K_EX-10.3_119671.txt,24927,164479,ok
legal,AIRTECHINTERNATIONALGROUPINC_05_08_2000-EX-10.4-FR.txt,F:\Report&Project\risk-aware-policy-clause-ranking\data\raw_docs\legal\AIRTECHINTERNATIONALGROUPINC_05_08_2000-EX-10.4-FR.txt,F:\Report&Project\risk-aware-policy-clause-ranking\data\processed\legal\AIRTECHINTERNATIONALGROUPINC_05_08_2000-EX-10.4-FR.txt,11322,71994,ok
legal,ALAMOGORDOFINANCIALCORP_12_16_1999-EX-1-AGENCY_AGR.txt,F:\Report&Project\risk-aware-policy-clause-ranking\data\raw_docs\legal\ALAMOGORDOFINANCIALCORP_12_16_1999-EX-1-AGENCY_AGR.txt,F:\Report&Project\risk-aware-policy-clause-ranking\data\processed\legal\ALAMOGORDOFINANCIALCORP_12_16_1999-EX-1-AGENCY_AGR.txt,18776,114118,ok
legal,ALLIANCEBANCORPINCOFPENNSYLVANIA_10_18_2006-EX-1.2.txt,F:\Report&Project\risk-aware-policy-clause-ranking\data\raw_docs\legal\ALLIANCEBANCORPINCOFPENNSYLVANIA_10_18_2006-EX-1.2.txt,F:\Report&Project\risk-aware-policy-clause-ranking\data\processed\legal\ALLIANCEBANCORPINCOFPENNSYLVANIA_10_18_2006-EX-1.2.txt,20911,129811,ok
legal,AlliedEsportsEntertainmentInc_20190815_8-K_EX-10.1.txt,F:\Report&Project\risk-aware-policy-clause-ranking\data\raw_docs\legal\AlliedEsportsEntertainmentInc_20190815_8-K_EX-10.1.txt,F:\Report&Project\risk-aware-policy-clause-ranking\data\processed\legal\AlliedEsportsEntertainmentInc_20190815_8-K_EX-10.1.txt,5387,34819,ok
legal,AlliedEsportsEntertainmentInc_20190815_8-K_EX-10.3.txt,F:\Report&Project\risk-aware-policy-clause-ranking\data\raw_docs\legal\AlliedEsportsEntertainmentInc_20190815_8-K_EX-10.3.txt,F:\Report&Project\risk-aware-policy-clause-ranking\data\processed\legal\AlliedEsportsEntertainmentInc_20190815_8-K_EX-10.3.txt,5770,37125,ok
legal,ALLISONTRANSMISSIONHOLDINGSINC_12_15_2014-EX-99.1-.txt,F:\Report&Project\risk-aware-policy-clause-ranking\data\raw_docs\legal\ALLISONTRANSMISSIONHOLDINGSINC_12_15_2014-EX-99.1-.txt,F:\Report&Project\risk-aware-policy-clause-ranking\data\processed\legal\ALLISONTRANSMISSIONHOLDINGSINC_12_15_2014-EX-99.1-.txt,5202,32707,ok
legal,AMERICANPHYSICIANSCAPITALINC_03_31_2003-EX-10.26-A.txt,F:\Report&Project\risk-aware-policy-clause-ranking\data\raw_docs\legal\AMERICANPHYSICIANSCAPITALINC_03_31_2003-EX-10.26-A.txt,F:\Report&Project\risk-aware-policy-clause-ranking\data\processed\legal\AMERICANPHYSICIANSCAPITALINC_03_31_2003-EX-10.26-A.txt,2901,18524,ok
legal,AMERICASSHOPPINGMALLINC_12_10_1999-EX-10.2-SITE_DE.txt,F:\Report&Project\risk-aware-policy-clause-ranking\data\raw_docs\legal\AMERICASSHOPPINGMALLINC_12_10_1999-EX-10.2-SITE_DE.txt,F:\Report&Project\risk-aware-policy-clause-ranking\data\processed\legal\AMERICASSHOPPINGMALLINC_12_10_1999-EX-10.2-SITE_DE.txt,2892,17944,ok
legal,ANIXABIOSCIENCESINC_06_09_2020-EX-10.1-COLLABORATI.txt,F:\Report&Project\risk-aware-policy-clause-ranking\data\raw_docs\legal\ANIXABIOSCIENCESINC_06_09_2020-EX-10.1-COLLABORATI.txt,F:\Report&Project\risk-aware-policy-clause-ranking\data\processed\legal\ANIXABIOSCIENCESINC_06_09_2020-EX-10.1-COLLABORATI.txt,6169,40427,ok
legal,"Antares_Pharma,_Inc._-_Manufacturing_Agreement.txt","F:\Report&Project\risk-aware-policy-clause-ranking\data\raw_docs\legal\Antares_Pharma,_Inc._-_Manufacturing_Agreement.txt","F:\Report&Project\risk-aware-policy-clause-ranking\data\processed\legal\Antares_Pharma,_Inc._-_Manufacturing_Agreement.txt",16285,106019,ok
legal,Apollo_Endosurgery_-_Manufacturing_and_Supply_Agre.txt,F:\Report&Project\risk-aware-policy-clause-ranking\data\raw_docs\legal\Apollo_Endosurgery_-_Manufacturing_and_Supply_Agre.txt,F:\Report&Project\risk-aware-policy-clause-ranking\data\processed\legal\Apollo_Endosurgery_-_Manufacturing_and_Supply_Agre.txt,7112,47719,ok
legal,ArcaUsTreasuryFund_20200207_N-2_EX-99.K5_11971930_.txt,F:\Report&Project\risk-aware-policy-clause-ranking\data\raw_docs\legal\ArcaUsTreasuryFund_20200207_N-2_EX-99.K5_11971930_.txt,F:\Report&Project\risk-aware-policy-clause-ranking\data\processed\legal\ArcaUsTreasuryFund_20200207_N-2_EX-99.K5_11971930_.txt,2277,15050,ok
legal,ArcGroupInc_20171211_8-K_EX-10.1_10976103_EX-10.1_.txt,F:\Report&Project\risk-aware-policy-clause-ranking\data\raw_docs\legal\ArcGroupInc_20171211_8-K_EX-10.1_10976103_EX-10.1_.txt,F:\Report&Project\risk-aware-policy-clause-ranking\data\processed\legal\ArcGroupInc_20171211_8-K_EX-10.1_10976103_EX-10.1_.txt,2598,16427,ok
legal,"ARMSTRONGFLOORING,INC_01_07_2019-EX-10.2-INTELLECT.txt","F:\Report&Project\risk-aware-policy-clause-ranking\data\raw_docs\legal\ARMSTRONGFLOORING,INC_01_07_2019-EX-10.2-INTELLECT.txt","F:\Report&Project\risk-aware-policy-clause-ranking\data\processed\legal\ARMSTRONGFLOORING,INC_01_07_2019-EX-10.2-INTELLECT.txt",10332,69447,ok
legal,ArmstrongFlooringInc_20190107_8-K_EX-10.2_11471795.txt,F:\Report&Project\risk-aware-policy-clause-ranking\data\raw_docs\legal\ArmstrongFlooringInc_20190107_8-K_EX-10.2_11471795.txt,F:\Report&Project\risk-aware-policy-clause-ranking\data\processed\legal\ArmstrongFlooringInc_20190107_8-K_EX-10.2_11471795.txt,8045,54734,ok
legal,"Array_BioPharma_Inc._-_LICENSE,_DEVELOPMENT_AND_CO.txt","F:\Report&Project\risk-aware-policy-clause-ranking\data\raw_docs\legal\Array_BioPharma_Inc._-_LICENSE,_DEVELOPMENT_AND_CO.txt","F:\Report&Project\risk-aware-policy-clause-ranking\data\processed\legal\Array_BioPharma_Inc._-_LICENSE,_DEVELOPMENT_AND_CO.txt",42557,270571,ok
legal,ArtaraTherapeuticsInc_20200110_8-K_EX-10.5_1194335.txt,F:\Report&Project\risk-aware-policy-clause-ranking\data\raw_docs\legal\ArtaraTherapeuticsInc_20200110_8-K_EX-10.5_1194335.txt,F:\Report&Project\risk-aware-policy-clause-ranking\data\processed\legal\ArtaraTherapeuticsInc_20200110_8-K_EX-10.5_1194335.txt,5771,37454,ok
legal,ASHWORTHINC_01_29_1999-EX-10.(D)-PROMOTION_AGREEME.txt,F:\Report&Project\risk-aware-policy-clause-ranking\data\raw_docs\legal\ASHWORTHINC_01_29_1999-EX-10.(D)-PROMOTION_AGREEME.txt,F:\Report&Project\risk-aware-policy-clause-ranking\data\processed\legal\ASHWORTHINC_01_29_1999-EX-10.(D)-PROMOTION_AGREEME.txt,3544,22714,ok
legal,ASIANDRAGONGROUPINC_08_11_2005-EX-10.5-Reseller_Ag.txt,F:\Report&Project\risk-aware-policy-clause-ranking\data\raw_docs\legal\ASIANDRAGONGROUPINC_08_11_2005-EX-10.5-Reseller_Ag.txt,F:\Report&Project\risk-aware-policy-clause-ranking\data\processed\legal\ASIANDRAGONGROUPINC_08_11_2005-EX-10.5-Reseller_Ag.txt,7018,44900,ok
legal,ASPIRITYHOLDINGSLLC_05_07_2012-EX-10.6-OUTSOURCING.txt,F:\Report&Project\risk-aware-policy-clause-ranking\data\raw_docs\legal\ASPIRITYHOLDINGSLLC_05_07_2012-EX-10.6-OUTSOURCING.txt,F:\Report&Project\risk-aware-policy-clause-ranking\data\processed\legal\ASPIRITYHOLDINGSLLC_05_07_2012-EX-10.6-OUTSOURCING.txt,10084,64967,ok
legal,ATENTOSA_07_06_2020-EX-99.1-JOINT_FILING_AGREEMENT.txt,F:\Report&Project\risk-aware-policy-clause-ranking\data\raw_docs\legal\ATENTOSA_07_06_2020-EX-99.1-JOINT_FILING_AGREEMENT.txt,F:\Report&Project\risk-aware-policy-clause-ranking\data\processed\legal\ATENTOSA_07_06_2020-EX-99.1-JOINT_FILING_AGREEMENT.txt,339,2154,ok
legal,ATHENSBANCSHARESCORP_11_02_2009-EX-1.2-AGENCY_AGRE.txt,F:\Report&Project\risk-aware-policy-clause-ranking\data\raw_docs\legal\ATHENSBANCSHARESCORP_11_02_2009-EX-1.2-AGENCY_AGRE.txt,F:\Report&Project\risk-aware-policy-clause-ranking\data\processed\legal\ATHENSBANCSHARESCORP_11_02_2009-EX-1.2-AGENCY_AGRE.txt,23380,143994,ok
legal,ATMOSENERGYCORP_11_22_2002-EX-10.17-TRANSPORTATION.txt,F:\Report&Project\risk-aware-policy-clause-ranking\data\raw_docs\legal\ATMOSENERGYCORP_11_22_2002-EX-10.17-TRANSPORTATION.txt,F:\Report&Project\risk-aware-policy-clause-ranking\data\processed\legal\ATMOSENERGYCORP_11_22_2002-EX-10.17-TRANSPORTATION.txt,2588,17618,ok
legal,AtnInternationalInc_20191108_10-Q_EX-10.1_11878541.txt,F:\Report&Project\risk-aware-policy-clause-ranking\data\raw_docs\legal\AtnInternationalInc_20191108_10-Q_EX-10.1_11878541.txt,F:\Report&Project\risk-aware-policy-clause-ranking\data\processed\legal\AtnInternationalInc_20191108_10-Q_EX-10.1_11878541.txt,34548,225092,ok
legal,AudibleInc_20001113_10-Q_EX-10.32_2599586_EX-10.32.txt,F:\Report&Project\risk-aware-policy-clause-ranking\data\raw_docs\legal\AudibleInc_20001113_10-Q_EX-10.32_2599586_EX-10.32.txt,F:\Report&Project\risk-aware-policy-clause-ranking\data\processed\legal\AudibleInc_20001113_10-Q_EX-10.32_2599586_EX-10.32.txt,11146,73558,ok
legal,AULAMERICANUNITTRUST_04_24_2020-EX-99.8.77-SERVICI.txt,F:\Report&Project\risk-aware-policy-clause-ranking\data\raw_docs\legal\AULAMERICANUNITTRUST_04_24_2020-EX-99.8.77-SERVICI.txt,F:\Report&Project\risk-aware-policy-clause-ranking\data\processed\legal\AULAMERICANUNITTRUST_04_24_2020-EX-99.8.77-SERVICI.txt,5607,35971,ok
legal,AURASYSTEMSINC_06_16_2010-EX-10.25-STRATEGIC_ALLIA.txt,F:\Report&Project\risk-aware-policy-clause-ranking\data\raw_docs\legal\AURASYSTEMSINC_06_16_2010-EX-10.25-STRATEGIC_ALLIA.txt,F:\Report&Project\risk-aware-policy-clause-ranking\data\processed\legal\AURASYSTEMSINC_06_16_2010-EX-10.25-STRATEGIC_ALLIA.txt,6938,44275,ok
legal,AzulSa_20170303_F-1A_EX-10.3_9943903_EX-10.3_Maint.txt,F:\Report&Project\risk-aware-policy-clause-ranking\data\raw_docs\legal\AzulSa_20170303_F-1A_EX-10.3_9943903_EX-10.3_Maint.txt,F:\Report&Project\risk-aware-policy-clause-ranking\data\processed\legal\AzulSa_20170303_F-1A_EX-10.3_9943903_EX-10.3_Maint.txt,33564,221418,ok
legal,BANGIINC_05_25_2005-EX-10-Premium_Managed_Hosting_.txt,F:\Report&Project\risk-aware-policy-clause-ranking\data\raw_docs\legal\BANGIINC_05_25_2005-EX-10-Premium_Managed_Hosting_.txt,F:\Report&Project\risk-aware-policy-clause-ranking\data\processed\legal\BANGIINC_05_25_2005-EX-10-Premium_Managed_Hosting_.txt,302,1973,ok
legal,BANUESTRAFINANCIALCORP_09_08_2006-EX-10.16-AGENCY_.txt,F:\Report&Project\risk-aware-policy-clause-ranking\data\raw_docs\legal\BANUESTRAFINANCIALCORP_09_08_2006-EX-10.16-AGENCY_.txt,F:\Report&Project\risk-aware-policy-clause-ranking\data\processed\legal\BANUESTRAFINANCIALCORP_09_08_2006-EX-10.16-AGENCY_.txt,7296,45043,ok
legal,"BELLICUMPHARMACEUTICALS,INC_05_07_2019-EX-10.1-Sup.txt","F:\Report&Project\risk-aware-policy-clause-ranking\data\raw_docs\legal\BELLICUMPHARMACEUTICALS,INC_05_07_2019-EX-10.1-Sup.txt","F:\Report&Project\risk-aware-policy-clause-ranking\data\processed\legal\BELLICUMPHARMACEUTICALS,INC_05_07_2019-EX-10.1-Sup.txt",27745,184212,ok
legal,"BELLRINGBRANDS,INC_02_07_2020-EX-10.18-MASTER_SUPP.txt","F:\Report&Project\risk-aware-policy-clause-ranking\data\raw_docs\legal\BELLRINGBRANDS,INC_02_07_2020-EX-10.18-MASTER_SUPP.txt","F:\Report&Project\risk-aware-policy-clause-ranking\data\processed\legal\BELLRINGBRANDS,INC_02_07_2020-EX-10.18-MASTER_SUPP.txt",5800,37779,ok
legal,BellringBrandsInc_20190920_S-1_EX-10.12_11817081_E.txt,F:\Report&Project\risk-aware-policy-clause-ranking\data\raw_docs\legal\BellringBrandsInc_20190920_S-1_EX-10.12_11817081_E.txt,F:\Report&Project\risk-aware-policy-clause-ranking\data\processed\legal\BellringBrandsInc_20190920_S-1_EX-10.12_11817081_E.txt,258,1742,ok
legal,"BERKELEYLIGHTS,INC_06_26_2020-EX-10.12-COLLABORATI.txt","F:\Report&Project\risk-aware-policy-clause-ranking\data\raw_docs\legal\BERKELEYLIGHTS,INC_06_26_2020-EX-10.12-COLLABORATI.txt","F:\Report&Project\risk-aware-policy-clause-ranking\data\processed\legal\BERKELEYLIGHTS,INC_06_26_2020-EX-10.12-COLLABORATI.txt",32567,207663,ok
legal,BEYONDCOMCORP_08_03_2000-EX-10.2-CO-HOSTING_AGREEM.txt,F:\Report&Project\risk-aware-policy-clause-ranking\data\raw_docs\legal\BEYONDCOMCORP_08_03_2000-EX-10.2-CO-HOSTING_AGREEM.txt,F:\Report&Project\risk-aware-policy-clause-ranking\data\processed\legal\BEYONDCOMCORP_08_03_2000-EX-10.2-CO-HOSTING_AGREEM.txt,7990,50370,ok
legal,BICYCLETHERAPEUTICSPLC_03_10_2020-EX-10.11-SERVICE.txt,F:\Report&Project\risk-aware-policy-clause-ranking\data\raw_docs\legal\BICYCLETHERAPEUTICSPLC_03_10_2020-EX-10.11-SERVICE.txt,F:\Report&Project\risk-aware-policy-clause-ranking\data\processed\legal\BICYCLETHERAPEUTICSPLC_03_10_2020-EX-10.11-SERVICE.txt,9231,56880,ok
legal,BIOAMBERINC_04_10_2013-EX-10.34-DEVELOPMENT_AGREEM.txt,F:\Report&Project\risk-aware-policy-clause-ranking\data\raw_docs\legal\BIOAMBERINC_04_10_2013-EX-10.34-DEVELOPMENT_AGREEM.txt,F:\Report&Project\risk-aware-policy-clause-ranking\data\processed\legal\BIOAMBERINC_04_10_2013-EX-10.34-DEVELOPMENT_AGREEM.txt,5761,37550,ok
legal,BIOCEPTINC_08_19_2013-EX-10-COLLABORATION_AGREEMEN.txt,F:\Report&Project\risk-aware-policy-clause-ranking\data\raw_docs\legal\BIOCEPTINC_08_19_2013-EX-10-COLLABORATION_AGREEMEN.txt,F:\Report&Project\risk-aware-policy-clause-ranking\data\processed\legal\BIOCEPTINC_08_19_2013-EX-10-COLLABORATION_AGREEMEN.txt,12108,78790,ok
legal,BIOFRONTERAAG_04_29_2019-EX-4.17-SUPPLY_AGREEMENT.txt,F:\Report&Project\risk-aware-policy-clause-ranking\data\raw_docs\legal\BIOFRONTERAAG_04_29_2019-EX-4.17-SUPPLY_AGREEMENT.txt,F:\Report&Project\risk-aware-policy-clause-ranking\data\processed\legal\BIOFRONTERAAG_04_29_2019-EX-4.17-SUPPLY_AGREEMENT.txt,9771,63631,ok
legal,BLACKBOXSTOCKSINC_08_05_2014-EX-10.1-DISTRIBUTOR_A.txt,F:\Report&Project\risk-aware-policy-clause-ranking\data\raw_docs\legal\BLACKBOXSTOCKSINC_08_05_2014-EX-10.1-DISTRIBUTOR_A.txt,F:\Report&Project\risk-aware-policy-clause-ranking\data\processed\legal\BLACKBOXSTOCKSINC_08_05_2014-EX-10.1-DISTRIBUTOR_A.txt,2703,17067,ok
legal,BLACKROCKMUNIHOLDINGSINVESTMENTQUALITYFUND_04_07_2.txt,F:\Report&Project\risk-aware-policy-clause-ranking\data\raw_docs\legal\BLACKROCKMUNIHOLDINGSINVESTMENTQUALITYFUND_04_07_2.txt,F:\Report&Project\risk-aware-policy-clause-ranking\data\processed\legal\BLACKROCKMUNIHOLDINGSINVESTMENTQUALITYFUND_04_07_2.txt,201,1283,ok
legal,BLACKSTONEGSOLONG-SHORTCREDITINCOMEFUND_05_11_2020.txt,F:\Report&Project\risk-aware-policy-clause-ranking\data\raw_docs\legal\BLACKSTONEGSOLONG-SHORTCREDITINCOMEFUND_05_11_2020.txt,F:\Report&Project\risk-aware-policy-clause-ranking\data\processed\legal\BLACKSTONEGSOLONG-SHORTCREDITINCOMEFUND_05_11_2020.txt,7988,52057,ok
legal,BloomEnergyCorp_20180321_DRSA_(on_S-1)_EX-10_11240.txt,F:\Report&Project\risk-aware-policy-clause-ranking\data\raw_docs\legal\BloomEnergyCorp_20180321_DRSA_(on_S-1)_EX-10_11240.txt,F:\Report&Project\risk-aware-policy-clause-ranking\data\processed\legal\BloomEnergyCorp_20180321_DRSA_(on_S-1)_EX-10_11240.txt,15623,101109,ok
legal,BLUEFLYINC_03_27_2002-EX-10.27-e-business_Hosting_.txt,F:\Report&Project\risk-aware-policy-clause-ranking\data\raw_docs\legal\BLUEFLYINC_03_27_2002-EX-10.27-e-business_Hosting_.txt,F:\Report&Project\risk-aware-policy-clause-ranking\data\processed\legal\BLUEFLYINC_03_27_2002-EX-10.27-e-business_Hosting_.txt,5126,34977,ok
legal,"BLUEHILLSBANCORP,INC_05_20_2014-EX-1.1-AGENCY_AGRE.txt","F:\Report&Project\risk-aware-policy-clause-ranking\data\raw_docs\legal\BLUEHILLSBANCORP,INC_05_20_2014-EX-1.1-AGENCY_AGRE.txt","F:\Report&Project\risk-aware-policy-clause-ranking\data\processed\legal\BLUEHILLSBANCORP,INC_05_20_2014-EX-1.1-AGENCY_AGRE.txt",21040,130482,ok
legal,"BLUEROCKRESIDENTIALGROWTHREIT,INC_06_01_2016-EX-1..txt","F:\Report&Project\risk-aware-policy-clause-ranking\data\raw_docs\legal\BLUEROCKRESIDENTIALGROWTHREIT,INC_06_01_2016-EX-1..txt","F:\Report&Project\risk-aware-policy-clause-ranking\data\processed\legal\BLUEROCKRESIDENTIALGROWTHREIT,INC_06_01_2016-EX-1..txt",20865,133065,ok
legal,BNCMORTGAGEINC_05_17_1999-EX-10.4-LICENSING_AND_WE.txt,F:\Report&Project\risk-aware-policy-clause-ranking\data\raw_docs\legal\BNCMORTGAGEINC_05_17_1999-EX-10.4-LICENSING_AND_WE.txt,F:\Report&Project\risk-aware-policy-clause-ranking\data\processed\legal\BNCMORTGAGEINC_05_17_1999-EX-10.4-LICENSING_AND_WE.txt,4737,30659,ok
legal,BNLFINANCIALCORP_03_30_2007-EX-10.8-OUTSOURCING_AG.txt,F:\Report&Project\risk-aware-policy-clause-ranking\data\raw_docs\legal\BNLFINANCIALCORP_03_30_2007-EX-10.8-OUTSOURCING_AG.txt,F:\Report&Project\risk-aware-policy-clause-ranking\data\processed\legal\BNLFINANCIALCORP_03_30_2007-EX-10.8-OUTSOURCING_AG.txt,6470,39291,ok
legal,BONTONSTORESINC_04_20_2018-EX-99.3-AGENCY_AGREEMEN.txt,F:\Report&Project\risk-aware-policy-clause-ranking\data\raw_docs\legal\BONTONSTORESINC_04_20_2018-EX-99.3-AGENCY_AGREEMEN.txt,F:\Report&Project\risk-aware-policy-clause-ranking\data\processed\legal\BONTONSTORESINC_04_20_2018-EX-99.3-AGENCY_AGREEMEN.txt,26741,160858,ok
legal,"BORROWMONEYCOM,INC_06_11_2020-EX-10.1-JOINT_VENTUR.txt","F:\Report&Project\risk-aware-policy-clause-ranking\data\raw_docs\legal\BORROWMONEYCOM,INC_06_11_2020-EX-10.1-JOINT_VENTUR.txt","F:\Report&Project\risk-aware-policy-clause-ranking\data\processed\legal\BORROWMONEYCOM,INC_06_11_2020-EX-10.1-JOINT_VENTUR.txt",3505,21394,ok
legal,BravatekSolutionsInc_20170418_8-K_EX-10.1_10205739.txt,F:\Report&Project\risk-aware-policy-clause-ranking\data\raw_docs\legal\BravatekSolutionsInc_20170418_8-K_EX-10.1_10205739.txt,F:\Report&Project\risk-aware-policy-clause-ranking\data\processed\legal\BravatekSolutionsInc_20170418_8-K_EX-10.1_10205739.txt,2330,15194,ok
legal,BUFFALOWILDWINGSINC_06_05_1998-EX-10.3-FRANCHISE_A.txt,F:\Report&Project\risk-aware-policy-clause-ranking\data\raw_docs\legal\BUFFALOWILDWINGSINC_06_05_1998-EX-10.3-FRANCHISE_A.txt,F:\Report&Project\risk-aware-policy-clause-ranking\data\processed\legal\BUFFALOWILDWINGSINC_06_05_1998-EX-10.3-FRANCHISE_A.txt,23608,145899,ok
legal,"CANOPETROLEUM,INC_12_13_2007-EX-10.1-Sponsorship_A.txt","F:\Report&Project\risk-aware-policy-clause-ranking\data\raw_docs\legal\CANOPETROLEUM,INC_12_13_2007-EX-10.1-Sponsorship_A.txt","F:\Report&Project\risk-aware-policy-clause-ranking\data\processed\legal\CANOPETROLEUM,INC_12_13_2007-EX-10.1-Sponsorship_A.txt",1446,8745,ok
legal,"CARDAX,INC_08_19_2014-EX-10.1-COLLABORATION_AGREEM.txt","F:\Report&Project\risk-aware-policy-clause-ranking\data\raw_docs\legal\CARDAX,INC_08_19_2014-EX-10.1-COLLABORATION_AGREEM.txt","F:\Report&Project\risk-aware-policy-clause-ranking\data\processed\legal\CARDAX,INC_08_19_2014-EX-10.1-COLLABORATION_AGREEM.txt",8586,55902,ok
legal,CardlyticsInc_20180112_S-1_EX-10.16_11002987_EX-10.txt,F:\Report&Project\risk-aware-policy-clause-ranking\data\raw_docs\legal\CardlyticsInc_20180112_S-1_EX-10.16_11002987_EX-10.txt,F:\Report&Project\risk-aware-policy-clause-ranking\data\processed\legal\CardlyticsInc_20180112_S-1_EX-10.16_11002987_EX-10.txt,731,5058,ok
legal,CCAINDUSTRIESINC_04_14_2014-EX-10.1-OUTSOURCING_AG.txt,F:\Report&Project\risk-aware-policy-clause-ranking\data\raw_docs\legal\CCAINDUSTRIESINC_04_14_2014-EX-10.1-OUTSOURCING_AG.txt,F:\Report&Project\risk-aware-policy-clause-ranking\data\processed\legal\CCAINDUSTRIESINC_04_14_2014-EX-10.1-OUTSOURCING_AG.txt,4824,31282,ok
legal,CcRealEstateIncomeFundadv_20181205_POS_8C_EX-99.(H.txt,F:\Report&Project\risk-aware-policy-clause-ranking\data\raw_docs\legal\CcRealEstateIncomeFundadv_20181205_POS_8C_EX-99.(H.txt,F:\Report&Project\risk-aware-policy-clause-ranking\data\processed\legal\CcRealEstateIncomeFundadv_20181205_POS_8C_EX-99.(H.txt,4569,29249,ok
legal,CerenceInc_20191002_8-K_EX-10.4_11827494_EX-10.4_I.txt,F:\Report&Project\risk-aware-policy-clause-ranking\data\raw_docs\legal\CerenceInc_20191002_8-K_EX-10.4_11827494_EX-10.4_I.txt,F:\Report&Project\risk-aware-policy-clause-ranking\data\processed\legal\CerenceInc_20191002_8-K_EX-10.4_11827494_EX-10.4_I.txt,9488,61166,ok
legal,"CERES,INC_01_25_2012-EX-10.20-Collaboration_Agreem.txt","F:\Report&Project\risk-aware-policy-clause-ranking\data\raw_docs\legal\CERES,INC_01_25_2012-EX-10.20-Collaboration_Agreem.txt","F:\Report&Project\risk-aware-policy-clause-ranking\data\processed\legal\CERES,INC_01_25_2012-EX-10.20-Collaboration_Agreem.txt",44989,286623,ok
legal,Cerus_Corporation_-_FIRST_AMEND_TO_SUPPLY_AND_MANU.txt,F:\Report&Project\risk-aware-policy-clause-ranking\data\raw_docs\legal\Cerus_Corporation_-_FIRST_AMEND_TO_SUPPLY_AND_MANU.txt,F:\Report&Project\risk-aware-policy-clause-ranking\data\processed\legal\Cerus_Corporation_-_FIRST_AMEND_TO_SUPPLY_AND_MANU.txt,1796,11384,ok
legal,CHANGEPOINTCORP_03_08_2000-EX-10.6-LICENSE_AND_HOS.txt,F:\Report&Project\risk-aware-policy-clause-ranking\data\raw_docs\legal\CHANGEPOINTCORP_03_08_2000-EX-10.6-LICENSE_AND_HOS.txt,F:\Report&Project\risk-aware-policy-clause-ranking\data\processed\legal\CHANGEPOINTCORP_03_08_2000-EX-10.6-LICENSE_AND_HOS.txt,18740,135939,ok
legal,CHAPARRALRESOURCESINC_03_30_2000-EX-10.66-TRANSPOR.txt,F:\Report&Project\risk-aware-policy-clause-ranking\data\raw_docs\legal\CHAPARRALRESOURCESINC_03_30_2000-EX-10.66-TRANSPOR.txt,F:\Report&Project\risk-aware-policy-clause-ranking\data\processed\legal\CHAPARRALRESOURCESINC_03_30_2000-EX-10.66-TRANSPOR.txt,3857,24462,ok
legal,CHEETAHMOBILEINC_04_22_2014-EX-10.43-Cooperation_A.txt,F:\Report&Project\risk-aware-policy-clause-ranking\data\raw_docs\legal\CHEETAHMOBILEINC_04_22_2014-EX-10.43-Cooperation_A.txt,F:\Report&Project\risk-aware-policy-clause-ranking\data\processed\legal\CHEETAHMOBILEINC_04_22_2014-EX-10.43-Cooperation_A.txt,6203,38755,ok
legal,ChinaRealEstateInformationCorp_20090929_F-1_EX-10..txt,F:\Report&Project\risk-aware-policy-clause-ranking\data\raw_docs\legal\ChinaRealEstateInformationCorp_20090929_F-1_EX-10..txt,F:\Report&Project\risk-aware-policy-clause-ranking\data\processed\legal\ChinaRealEstateInformationCorp_20090929_F-1_EX-10..txt,7352,47494,ok
legal,CHINARECYCLINGENERGYCORP_11_14_2013-EX-10.6-Cooper.txt,F:\Report&Project\risk-aware-policy-clause-ranking\data\raw_docs\legal\CHINARECYCLINGENERGYCORP_11_14_2013-EX-10.6-Cooper.txt,F:\Report&Project\risk-aware-policy-clause-ranking\data\processed\legal\CHINARECYCLINGENERGYCORP_11_14_2013-EX-10.6-Cooper.txt,2664,16263,ok
legal,ClickstreamCorp_20200330_1-A_EX1A-6_MAT_CTRCT_1208.txt,F:\Report&Project\risk-aware-policy-clause-ranking\data\raw_docs\legal\ClickstreamCorp_20200330_1-A_EX1A-6_MAT_CTRCT_1208.txt,F:\Report&Project\risk-aware-policy-clause-ranking\data\processed\legal\ClickstreamCorp_20200330_1-A_EX1A-6_MAT_CTRCT_1208.txt,5313,33535,ok
legal,CnsPharmaceuticalsInc_20200326_8-K_EX-10.1_1207962.txt,F:\Report&Project\risk-aware-policy-clause-ranking\data\raw_docs\legal\CnsPharmaceuticalsInc_20200326_8-K_EX-10.1_1207962.txt,F:\Report&Project\risk-aware-policy-clause-ranking\data\processed\legal\CnsPharmaceuticalsInc_20200326_8-K_EX-10.1_1207962.txt,3225,20503,ok
legal,CoherusBiosciencesInc_20200227_10-K_EX-10.29_12021.txt,F:\Report&Project\risk-aware-policy-clause-ranking\data\raw_docs\legal\CoherusBiosciencesInc_20200227_10-K_EX-10.29_12021.txt,F:\Report&Project\risk-aware-policy-clause-ranking\data\processed\legal\CoherusBiosciencesInc_20200227_10-K_EX-10.29_12021.txt,21664,142926,ok
legal,ConformisInc_20191101_10-Q_EX-10.6_11861402_EX-10..txt,F:\Report&Project\risk-aware-policy-clause-ranking\data\raw_docs\legal\ConformisInc_20191101_10-Q_EX-10.6_11861402_EX-10..txt,F:\Report&Project\risk-aware-policy-clause-ranking\data\processed\legal\ConformisInc_20191101_10-Q_EX-10.6_11861402_EX-10..txt,9582,61927,ok
legal,"COOLTECHNOLOGIES,INC_10_25_2017-EX-10.71-Strategic.txt","F:\Report&Project\risk-aware-policy-clause-ranking\data\raw_docs\legal\COOLTECHNOLOGIES,INC_10_25_2017-EX-10.71-Strategic.txt","F:\Report&Project\risk-aware-policy-clause-ranking\data\processed\legal\COOLTECHNOLOGIES,INC_10_25_2017-EX-10.71-Strategic.txt",2154,13528,ok
legal,"CORALGOLDRESOURCES,LTD_05_28_2020-EX-4.1-CONSULTIN.txt","F:\Report&Project\risk-aware-policy-clause-ranking\data\raw_docs\legal\CORALGOLDRESOURCES,LTD_05_28_2020-EX-4.1-CONSULTIN.txt","F:\Report&Project\risk-aware-policy-clause-ranking\data\processed\legal\CORALGOLDRESOURCES,LTD_05_28_2020-EX-4.1-CONSULTIN.txt",4723,29701,ok
legal,CORIOINC_07_20_2000-EX-10.5-LICENSE_AND_HOSTING_AG.txt,F:\Report&Project\risk-aware-policy-clause-ranking\data\raw_docs\legal\CORIOINC_07_20_2000-EX-10.5-LICENSE_AND_HOSTING_AG.txt,F:\Report&Project\risk-aware-policy-clause-ranking\data\processed\legal\CORIOINC_07_20_2000-EX-10.5-LICENSE_AND_HOSTING_AG.txt,8376,54470,ok
legal,CreditcardscomInc_20070810_S-1_EX-10.33_362297_EX-.txt,F:\Report&Project\risk-aware-policy-clause-ranking\data\raw_docs\legal\CreditcardscomInc_20070810_S-1_EX-10.33_362297_EX-.txt,F:\Report&Project\risk-aware-policy-clause-ranking\data\processed\legal\CreditcardscomInc_20070810_S-1_EX-10.33_362297_EX-.txt,3895,27843,ok
legal,CUROGROUPHOLDINGSCORP_05_04_2020-EX-10.3-SERVICING.txt,F:\Report&Project\risk-aware-policy-clause-ranking\data\raw_docs\legal\CUROGROUPHOLDINGSCORP_05_04_2020-EX-10.3-SERVICING.txt,F:\Report&Project\risk-aware-policy-clause-ranking\data\processed\legal\CUROGROUPHOLDINGSCORP_05_04_2020-EX-10.3-SERVICING.txt,5792,36563,ok
legal,CybergyHoldingsInc_20140520_10-Q_EX-10.27_8605784_.txt,F:\Report&Project\risk-aware-policy-clause-ranking\data\raw_docs\legal\CybergyHoldingsInc_20140520_10-Q_EX-10.27_8605784_.txt,F:\Report&Project\risk-aware-policy-clause-ranking\data\processed\legal\CybergyHoldingsInc_20140520_10-Q_EX-10.27_8605784_.txt,5214,32922,ok
legal,CytodynInc_20200109_10-Q_EX-10.5_11941634_EX-10.5_.txt,F:\Report&Project\risk-aware-policy-clause-ranking\data\raw_docs\legal\CytodynInc_20200109_10-Q_EX-10.5_11941634_EX-10.5_.txt,F:\Report&Project\risk-aware-policy-clause-ranking\data\processed\legal\CytodynInc_20200109_10-Q_EX-10.5_11941634_EX-10.5_.txt,24468,156847,ok
legal,DataCallTechnologies_20060918_SB-2A_EX-10.9_944510.txt,F:\Report&Project\risk-aware-policy-clause-ranking\data\raw_docs\legal\DataCallTechnologies_20060918_SB-2A_EX-10.9_944510.txt,F:\Report&Project\risk-aware-policy-clause-ranking\data\processed\legal\DataCallTechnologies_20060918_SB-2A_EX-10.9_944510.txt,1636,10953,ok
legal,DeltathreeInc_19991102_S-1A_EX-10.19_6227850_EX-10.txt,F:\Report&Project\risk-aware-policy-clause-ranking\data\raw_docs\legal\DeltathreeInc_19991102_S-1A_EX-10.19_6227850_EX-10.txt,F:\Report&Project\risk-aware-policy-clause-ranking\data\processed\legal\DeltathreeInc_19991102_S-1A_EX-10.19_6227850_EX-10.txt,4031,26344,ok
legal,DigitalCinemaDestinationsCorp_20111220_S-1_EX-10.1.txt,F:\Report&Project\risk-aware-policy-clause-ranking\data\raw_docs\legal\DigitalCinemaDestinationsCorp_20111220_S-1_EX-10.1.txt,F:\Report&Project\risk-aware-policy-clause-ranking\data\processed\legal\DigitalCinemaDestinationsCorp_20111220_S-1_EX-10.1.txt,16382,104605,ok
legal,DIVERSINETCORP_03_01_2012-EX-4-RESELLER_AGREEMENT.txt,F:\Report&Project\risk-aware-policy-clause-ranking\data\raw_docs\legal\DIVERSINETCORP_03_01_2012-EX-4-RESELLER_AGREEMENT.txt,F:\Report&Project\risk-aware-policy-clause-ranking\data\processed\legal\DIVERSINETCORP_03_01_2012-EX-4-RESELLER_AGREEMENT.txt,11278,74247,ok
legal,DOMINIADVISORTRUST_02_18_2005-EX-99.(H)(2)-SPONSOR.txt,F:\Report&Project\risk-aware-policy-clause-ranking\data\raw_docs\legal\DOMINIADVISORTRUST_02_18_2005-EX-99.(H)(2)-SPONSOR.txt,F:\Report&Project\risk-aware-policy-clause-ranking\data\processed\legal\DOMINIADVISORTRUST_02_18_2005-EX-99.(H)(2)-SPONSOR.txt,1844,11766,ok
legal,DRAGONSYSTEMSINC_01_08_1999-EX-10.17-OUTSOURCING_A.txt,F:\Report&Project\risk-aware-policy-clause-ranking\data\raw_docs\legal\DRAGONSYSTEMSINC_01_08_1999-EX-10.17-OUTSOURCING_A.txt,F:\Report&Project\risk-aware-policy-clause-ranking\data\processed\legal\DRAGONSYSTEMSINC_01_08_1999-EX-10.17-OUTSOURCING_A.txt,1088,7264,ok
legal,DRKOOPCOMINC_04_21_1999-EX-10.28-SPONSORSHIP_AGREE.txt,F:\Report&Project\risk-aware-policy-clause-ranking\data\raw_docs\legal\DRKOOPCOMINC_04_21_1999-EX-10.28-SPONSORSHIP_AGREE.txt,F:\Report&Project\risk-aware-policy-clause-ranking\data\processed\legal\DRKOOPCOMINC_04_21_1999-EX-10.28-SPONSORSHIP_AGREE.txt,5534,35861,ok
legal,"DUOSTECHNOLOGIESGROUP,INC_04_21_2009-EX-10.1-STRAT.txt","F:\Report&Project\risk-aware-policy-clause-ranking\data\raw_docs\legal\DUOSTECHNOLOGIESGROUP,INC_04_21_2009-EX-10.1-STRAT.txt","F:\Report&Project\risk-aware-policy-clause-ranking\data\processed\legal\DUOSTECHNOLOGIESGROUP,INC_04_21_2009-EX-10.1-STRAT.txt",7148,45589,ok
legal,DYNAMEXINC_06_06_1996-EX-10.4-TRANSPORTATION_SERVI.txt,F:\Report&Project\risk-aware-policy-clause-ranking\data\raw_docs\legal\DYNAMEXINC_06_06_1996-EX-10.4-TRANSPORTATION_SERVI.txt,F:\Report&Project\risk-aware-policy-clause-ranking\data\processed\legal\DYNAMEXINC_06_06_1996-EX-10.4-TRANSPORTATION_SERVI.txt,6760,41792,ok
legal,DYNTEKINC_07_30_1999-EX-10-ONLINE_HOSTING_AGREEMEN.txt,F:\Report&Project\risk-aware-policy-clause-ranking\data\raw_docs\legal\DYNTEKINC_07_30_1999-EX-10-ONLINE_HOSTING_AGREEMEN.txt,F:\Report&Project\risk-aware-policy-clause-ranking\data\processed\legal\DYNTEKINC_07_30_1999-EX-10-ONLINE_HOSTING_AGREEMEN.txt,4009,24723,ok
legal,EcoScienceSolutionsInc_20171117_8-K_EX-10.1_109564.txt,F:\Report&Project\risk-aware-policy-clause-ranking\data\raw_docs\legal\EcoScienceSolutionsInc_20171117_8-K_EX-10.1_109564.txt,F:\Report&Project\risk-aware-policy-clause-ranking\data\processed\legal\EcoScienceSolutionsInc_20171117_8-K_EX-10.1_109564.txt,2787,17669,ok
legal,EdietsComInc_20001030_10QSB_EX-10.4_2606646_EX-10..txt,F:\Report&Project\risk-aware-policy-clause-ranking\data\raw_docs\legal\EdietsComInc_20001030_10QSB_EX-10.4_2606646_EX-10..txt,F:\Report&Project\risk-aware-policy-clause-ranking\data\processed\legal\EdietsComInc_20001030_10QSB_EX-10.4_2606646_EX-10..txt,8982,59958,ok
legal,EhaveInc_20190515_20-F_EX-4.44_11678816_EX-4.44_Li.txt,F:\Report&Project\risk-aware-policy-clause-ranking\data\raw_docs\legal\EhaveInc_20190515_20-F_EX-4.44_11678816_EX-4.44_Li.txt,F:\Report&Project\risk-aware-policy-clause-ranking\data\processed\legal\EhaveInc_20190515_20-F_EX-4.44_11678816_EX-4.44_Li.txt,13502,85940,ok
legal,ELANDIAINTERNATIONALINC_04_25_2007-EX-10.21-Outsou.txt,F:\Report&Project\risk-aware-policy-clause-ranking\data\raw_docs\legal\ELANDIAINTERNATIONALINC_04_25_2007-EX-10.21-Outsou.txt,F:\Report&Project\risk-aware-policy-clause-ranking\data\processed\legal\ELANDIAINTERNATIONALINC_04_25_2007-EX-10.21-Outsou.txt,12096,77773,ok
legal,ELECTRAMECCANICA_VEHICLES_CORP._-_Manufacturing_Ag.txt,F:\Report&Project\risk-aware-policy-clause-ranking\data\raw_docs\legal\ELECTRAMECCANICA_VEHICLES_CORP._-_Manufacturing_Ag.txt,F:\Report&Project\risk-aware-policy-clause-ranking\data\processed\legal\ELECTRAMECCANICA_VEHICLES_CORP._-_Manufacturing_Ag.txt,7247,47183,ok
legal,"ELFBEAUTY,INC_07_02_2020-EX-10.1-COOPERATION_AGREE.txt","F:\Report&Project\risk-aware-policy-clause-ranking\data\raw_docs\legal\ELFBEAUTY,INC_07_02_2020-EX-10.1-COOPERATION_AGREE.txt","F:\Report&Project\risk-aware-policy-clause-ranking\data\processed\legal\ELFBEAUTY,INC_07_02_2020-EX-10.1-COOPERATION_AGREE.txt",7195,45049,ok
legal,EmbarkComInc_19991008_S-1A_EX-10.10_6487661_EX-10..txt,F:\Report&Project\risk-aware-policy-clause-ranking\data\raw_docs\legal\EmbarkComInc_19991008_S-1A_EX-10.10_6487661_EX-10..txt,F:\Report&Project\risk-aware-policy-clause-ranking\data\processed\legal\EmbarkComInc_19991008_S-1A_EX-10.10_6487661_EX-10..txt,4985,31868,ok
privacy,ccpa_policy.txt,F:\Report&Project\risk-aware-policy-clause-ranking\data\raw_docs\privacy\ccpa_policy.txt,F:\Report&Project\risk-aware-policy-clause-ranking\data\processed\privacy\ccpa_policy.txt,137,960,ok
privacy,cookie_tracking_policy.txt,F:\Report&Project\risk-aware-policy-clause-ranking\data\raw_docs\privacy\cookie_tracking_policy.txt,F:\Report&Project\risk-aware-policy-clause-ranking\data\processed\privacy\cookie_tracking_policy.txt,126,923,ok
privacy,employee_data_policy.txt,F:\Report&Project\risk-aware-policy-clause-ranking\data\raw_docs\privacy\employee_data_policy.txt,F:\Report&Project\risk-aware-policy-clause-ranking\data\processed\privacy\employee_data_policy.txt,122,863,ok
privacy,gdpr_policy.txt,F:\Report&Project\risk-aware-policy-clause-ranking\data\raw_docs\privacy\gdpr_policy.txt,F:\Report&Project\risk-aware-policy-clause-ranking\data\processed\privacy\gdpr_policy.txt,137,969,ok
privacy,ledgar_0000.txt,F:\Report&Project\risk-aware-policy-clause-ranking\data\raw_docs\privacy\ledgar_0000.txt,,47,338,skipped_too_short
privacy,ledgar_0001.txt,F:\Report&Project\risk-aware-policy-clause-ranking\data\raw_docs\privacy\ledgar_0001.txt,F:\Report&Project\risk-aware-policy-clause-ranking\data\processed\privacy\ledgar_0001.txt,74,452,ok
privacy,ledgar_0002.txt,F:\Report&Project\risk-aware-policy-clause-ranking\data\raw_docs\privacy\ledgar_0002.txt,F:\Report&Project\risk-aware-policy-clause-ranking\data\processed\privacy\ledgar_0002.txt,53,328,ok
privacy,ledgar_0003.txt,F:\Report&Project\risk-aware-policy-clause-ranking\data\raw_docs\privacy\ledgar_0003.txt,F:\Report&Project\risk-aware-policy-clause-ranking\data\processed\privacy\ledgar_0003.txt,146,869,ok
privacy,ledgar_0004.txt,F:\Report&Project\risk-aware-policy-clause-ranking\data\raw_docs\privacy\ledgar_0004.txt,F:\Report&Project\risk-aware-policy-clause-ranking\data\processed\privacy\ledgar_0004.txt,215,1282,ok
privacy,ledgar_0005.txt,F:\Report&Project\risk-aware-policy-clause-ranking\data\raw_docs\privacy\ledgar_0005.txt,F:\Report&Project\risk-aware-policy-clause-ranking\data\processed\privacy\ledgar_0005.txt,95,594,ok
privacy,ledgar_0006.txt,F:\Report&Project\risk-aware-policy-clause-ranking\data\raw_docs\privacy\ledgar_0006.txt,F:\Report&Project\risk-aware-policy-clause-ranking\data\processed\privacy\ledgar_0006.txt,147,921,ok
privacy,ledgar_0007.txt,F:\Report&Project\risk-aware-policy-clause-ranking\data\raw_docs\privacy\ledgar_0007.txt,F:\Report&Project\risk-aware-policy-clause-ranking\data\processed\privacy\ledgar_0007.txt,241,1538,ok
privacy,ledgar_0008.txt,F:\Report&Project\risk-aware-policy-clause-ranking\data\raw_docs\privacy\ledgar_0008.txt,,39,230,skipped_too_short
privacy,ledgar_0010.txt,F:\Report&Project\risk-aware-policy-clause-ranking\data\raw_docs\privacy\ledgar_0010.txt,F:\Report&Project\risk-aware-policy-clause-ranking\data\processed\privacy\ledgar_0010.txt,151,949,ok
privacy,ledgar_0011.txt,F:\Report&Project\risk-aware-policy-clause-ranking\data\raw_docs\privacy\ledgar_0011.txt,,49,299,skipped_too_short
privacy,ledgar_0013.txt,F:\Report&Project\risk-aware-policy-clause-ranking\data\raw_docs\privacy\ledgar_0013.txt,F:\Report&Project\risk-aware-policy-clause-ranking\data\processed\privacy\ledgar_0013.txt,218,1361,ok
privacy,ledgar_0014.txt,F:\Report&Project\risk-aware-policy-clause-ranking\data\raw_docs\privacy\ledgar_0014.txt,,43,273,skipped_too_short
privacy,ledgar_0015.txt,F:\Report&Project\risk-aware-policy-clause-ranking\data\raw_docs\privacy\ledgar_0015.txt,,45,245,skipped_too_short
privacy,ledgar_0016.txt,F:\Report&Project\risk-aware-policy-clause-ranking\data\raw_docs\privacy\ledgar_0016.txt,F:\Report&Project\risk-aware-policy-clause-ranking\data\processed\privacy\ledgar_0016.txt,83,492,ok
privacy,ledgar_0017.txt,F:\Report&Project\risk-aware-policy-clause-ranking\data\raw_docs\privacy\ledgar_0017.txt,F:\Report&Project\risk-aware-policy-clause-ranking\data\processed\privacy\ledgar_0017.txt,69,448,ok
privacy,ledgar_0018.txt,F:\Report&Project\risk-aware-policy-clause-ranking\data\raw_docs\privacy\ledgar_0018.txt,F:\Report&Project\risk-aware-policy-clause-ranking\data\processed\privacy\ledgar_0018.txt,114,692,ok
privacy,ledgar_0019.txt,F:\Report&Project\risk-aware-policy-clause-ranking\data\raw_docs\privacy\ledgar_0019.txt,F:\Report&Project\risk-aware-policy-clause-ranking\data\processed\privacy\ledgar_0019.txt,79,506,ok
privacy,ledgar_0020.txt,F:\Report&Project\risk-aware-policy-clause-ranking\data\raw_docs\privacy\ledgar_0020.txt,F:\Report&Project\risk-aware-policy-clause-ranking\data\processed\privacy\ledgar_0020.txt,132,774,ok
privacy,ledgar_0021.txt,F:\Report&Project\risk-aware-policy-clause-ranking\data\raw_docs\privacy\ledgar_0021.txt,F:\Report&Project\risk-aware-policy-clause-ranking\data\processed\privacy\ledgar_0021.txt,185,1120,ok
privacy,ledgar_0023.txt,F:\Report&Project\risk-aware-policy-clause-ranking\data\raw_docs\privacy\ledgar_0023.txt,,39,239,skipped_too_short
privacy,ledgar_0024.txt,F:\Report&Project\risk-aware-policy-clause-ranking\data\raw_docs\privacy\ledgar_0024.txt,F:\Report&Project\risk-aware-policy-clause-ranking\data\processed\privacy\ledgar_0024.txt,85,509,ok
privacy,ledgar_0025.txt,F:\Report&Project\risk-aware-policy-clause-ranking\data\raw_docs\privacy\ledgar_0025.txt,F:\Report&Project\risk-aware-policy-clause-ranking\data\processed\privacy\ledgar_0025.txt,63,384,ok
privacy,ledgar_0026.txt,F:\Report&Project\risk-aware-policy-clause-ranking\data\raw_docs\privacy\ledgar_0026.txt,F:\Report&Project\risk-aware-policy-clause-ranking\data\processed\privacy\ledgar_0026.txt,64,370,ok
privacy,ledgar_0027.txt,F:\Report&Project\risk-aware-policy-clause-ranking\data\raw_docs\privacy\ledgar_0027.txt,F:\Report&Project\risk-aware-policy-clause-ranking\data\processed\privacy\ledgar_0027.txt,109,679,ok
privacy,ledgar_0028.txt,F:\Report&Project\risk-aware-policy-clause-ranking\data\raw_docs\privacy\ledgar_0028.txt,,44,268,skipped_too_short
privacy,ledgar_0030.txt,F:\Report&Project\risk-aware-policy-clause-ranking\data\raw_docs\privacy\ledgar_0030.txt,F:\Report&Project\risk-aware-policy-clause-ranking\data\processed\privacy\ledgar_0030.txt,95,549,ok
privacy,ledgar_0031.txt,F:\Report&Project\risk-aware-policy-clause-ranking\data\raw_docs\privacy\ledgar_0031.txt,F:\Report&Project\risk-aware-policy-clause-ranking\data\processed\privacy\ledgar_0031.txt,58,391,ok
privacy,ledgar_0032.txt,F:\Report&Project\risk-aware-policy-clause-ranking\data\raw_docs\privacy\ledgar_0032.txt,F:\Report&Project\risk-aware-policy-clause-ranking\data\processed\privacy\ledgar_0032.txt,203,1327,ok
privacy,ledgar_0033.txt,F:\Report&Project\risk-aware-policy-clause-ranking\data\raw_docs\privacy\ledgar_0033.txt,F:\Report&Project\risk-aware-policy-clause-ranking\data\processed\privacy\ledgar_0033.txt,102,610,ok
privacy,ledgar_0034.txt,F:\Report&Project\risk-aware-policy-clause-ranking\data\raw_docs\privacy\ledgar_0034.txt,F:\Report&Project\risk-aware-policy-clause-ranking\data\processed\privacy\ledgar_0034.txt,92,605,ok
privacy,ledgar_0035.txt,F:\Report&Project\risk-aware-policy-clause-ranking\data\raw_docs\privacy\ledgar_0035.txt,F:\Report&Project\risk-aware-policy-clause-ranking\data\processed\privacy\ledgar_0035.txt,63,396,ok
privacy,ledgar_0036.txt,F:\Report&Project\risk-aware-policy-clause-ranking\data\raw_docs\privacy\ledgar_0036.txt,,38,228,skipped_too_short
privacy,ledgar_0037.txt,F:\Report&Project\risk-aware-policy-clause-ranking\data\raw_docs\privacy\ledgar_0037.txt,F:\Report&Project\risk-aware-policy-clause-ranking\data\processed\privacy\ledgar_0037.txt,118,703,ok
privacy,ledgar_0038.txt,F:\Report&Project\risk-aware-policy-clause-ranking\data\raw_docs\privacy\ledgar_0038.txt,F:\Report&Project\risk-aware-policy-clause-ranking\data\processed\privacy\ledgar_0038.txt,92,556,ok
privacy,ledgar_0039.txt,F:\Report&Project\risk-aware-policy-clause-ranking\data\raw_docs\privacy\ledgar_0039.txt,F:\Report&Project\risk-aware-policy-clause-ranking\data\processed\privacy\ledgar_0039.txt,248,1624,ok
privacy,ledgar_0040.txt,F:\Report&Project\risk-aware-policy-clause-ranking\data\raw_docs\privacy\ledgar_0040.txt,F:\Report&Project\risk-aware-policy-clause-ranking\data\processed\privacy\ledgar_0040.txt,186,1158,ok
privacy,ledgar_0041.txt,F:\Report&Project\risk-aware-policy-clause-ranking\data\raw_docs\privacy\ledgar_0041.txt,F:\Report&Project\risk-aware-policy-clause-ranking\data\processed\privacy\ledgar_0041.txt,88,518,ok
privacy,ledgar_0042.txt,F:\Report&Project\risk-aware-policy-clause-ranking\data\raw_docs\privacy\ledgar_0042.txt,F:\Report&Project\risk-aware-policy-clause-ranking\data\processed\privacy\ledgar_0042.txt,126,743,ok
privacy,ledgar_0044.txt,F:\Report&Project\risk-aware-policy-clause-ranking\data\raw_docs\privacy\ledgar_0044.txt,F:\Report&Project\risk-aware-policy-clause-ranking\data\processed\privacy\ledgar_0044.txt,79,494,ok
